<?xml version="1.0" encoding="UTF-8" standalone="yes" ?>
<FileZilla3>
    <Settings>
        <Setting name="Use Pasv mode">1</Setting>
        <Setting name="Limit local ports">0</Setting>
        <Setting name="Limit ports low">6000</Setting>
        <Setting name="Limit ports high">7000</Setting>
        <Setting name="External IP mode">0</Setting>
        <Setting name="External IP" />
        <Setting name="External address resolver">http://ip.filezilla-project.org/ip.php</Setting>
        <Setting name="Last resolved IP" />
        <Setting name="No external ip on local conn">1</Setting>
        <Setting name="Pasv reply fallback mode">0</Setting>
        <Setting name="Timeout">20</Setting>
        <Setting name="Logging Debug Level">0</Setting>
        <Setting name="Logging Raw Listing">0</Setting>
        <Setting name="fzsftp executable" />
        <Setting name="Allow transfermode fallback">1</Setting>
        <Setting name="Reconnect count">2</Setting>
        <Setting name="Reconnect delay">5</Setting>
        <Setting name="Enable speed limits">0</Setting>
        <Setting name="Speedlimit inbound">100</Setting>
        <Setting name="Speedlimit outbound">20</Setting>
        <Setting name="Speedlimit burst tolerance">0</Setting>
        <Setting name="View hidden files">0</Setting>
        <Setting name="Preserve timestamps">0</Setting>
        <Setting name="Socket recv buffer size (v2)">4194304</Setting>
        <Setting name="Socket send buffer size (v2)">262144</Setting>
        <Setting name="FTP Keep-alive commands">0</Setting>
        <Setting name="FTP Proxy type">0</Setting>
        <Setting name="FTP Proxy host" />
        <Setting name="FTP Proxy user" />
        <Setting name="FTP Proxy password" />
        <Setting name="FTP Proxy login sequence" />
        <Setting name="SFTP keyfiles" />
        <Setting name="Proxy type">0</Setting>
        <Setting name="Proxy host" />
        <Setting name="Proxy port">0</Setting>
        <Setting name="Proxy user" />
        <Setting name="Proxy password" />
        <Setting name="Logging file" />
        <Setting name="Logging filesize limit">10</Setting>
        <Setting name="Trusted root certificate" />
        <Setting name="Size format">0</Setting>
        <Setting name="Size thousands separator">1</Setting>
        <Setting name="Size decimal places">1</Setting>
        <Setting name="Number of Transfers">2</Setting>
        <Setting name="Ascii Binary mode">0</Setting>
        <Setting name="Auto Ascii files">am|asp|bat|c|cfm|cgi|conf|cpp|css|dhtml|diz|h|hpp|htm|html|in|inc|java|js|jsp|lua|m4|mak|md5|nfo|nsi|pas|patch|php|phtml|pl|po|py|qmail|sh|shtml|sql|svg|tcl|tpl|txt|vbs|xhtml|xml|xrc</Setting>
        <Setting name="Auto Ascii no extension">1</Setting>
        <Setting name="Auto Ascii dotfiles">1</Setting>
        <Setting name="Theme">opencrystal/</Setting>
        <Setting name="Language Code" />
        <Setting name="Last Server Path">1 0 4 home 5 jacob</Setting>
        <Setting name="Concurrent download limit">0</Setting>
        <Setting name="Concurrent upload limit">0</Setting>
        <Setting name="Update Check">1</Setting>
        <Setting name="Update Check Interval">7</Setting>
        <Setting name="Last automatic update check">2011-06-13 19:13:38</Setting>
        <Setting name="Update Check New Version" />
        <Setting name="Update Check Check Beta">0</Setting>
        <Setting name="Update Check Download Dir" />
        <Setting name="Show debug menu">0</Setting>
        <Setting name="File exists action download">0</Setting>
        <Setting name="File exists action upload">0</Setting>
        <Setting name="Allow ascii resume">0</Setting>
        <Setting name="Greeting version">3.5.0</Setting>
        <Setting name="Onetime Dialogs" />
        <Setting name="Show Tree Local">1</Setting>
        <Setting name="Show Tree Remote">1</Setting>
        <Setting name="File Pane Layout">0</Setting>
        <Setting name="File Pane Swap">0</Setting>
        <Setting name="Last local directory">C:\Documents and Settings\Administrator\Desktop\</Setting>
        <Setting name="Filelist directory sort">0</Setting>
        <Setting name="Queue successful autoclear">0</Setting>
        <Setting name="Queue column widths">180 60 180 80 60 150</Setting>
        <Setting name="Local filelist colwidths">120 80 100 120</Setting>
        <Setting name="Remote filelist colwidths">80 75 80 100 80 80</Setting>
        <Setting name="Window position and size">0 513 27 892 645 </Setting>
        <Setting name="Splitter positions (v2)">97 -131 500000000 150 150 500000000</Setting>
        <Setting name="Local filelist sortorder">0 0</Setting>
        <Setting name="Remote filelist sortorder">0 0</Setting>
        <Setting name="Time Format" />
        <Setting name="Date Format" />
        <Setting name="Show message log">1</Setting>
        <Setting name="Show queue">1</Setting>
        <Setting name="Default editor" />
        <Setting name="Always use default editor">0</Setting>
        <Setting name="Inherit system associations">1</Setting>
        <Setting name="Custom file associations" />
        <Setting name="Comparison mode">1</Setting>
        <Setting name="Comparison threshold">1</Setting>
        <Setting name="Site Manager position">0 708 185 500 400 </Setting>
        <Setting name="Theme icon size" />
        <Setting name="Timestamp in message log">0</Setting>
        <Setting name="Sitemanager last selected">0crysis_download/</Setting>
        <Setting name="Local filelist shown columns">1111</Setting>
        <Setting name="Remote filelist shown columns">111111</Setting>
        <Setting name="Local filelist column order">0,1,2,3</Setting>
        <Setting name="Remote filelist column order">0,1,2,3,4,5</Setting>
        <Setting name="Filelist status bar">1</Setting>
        <Setting name="Filter toggle state">0</Setting>
        <Setting name="Show quickconnect bar">1</Setting>
        <Setting name="Messagelog position">0</Setting>
        <Setting name="Last connected site">0/crysis_download</Setting>
        <Setting name="File doubleclock action">0</Setting>
        <Setting name="Dir doubleclock action">0</Setting>
        <Setting name="Minimize to tray">0</Setting>
        <Setting name="Search column widths" />
        <Setting name="Search column shown" />
        <Setting name="Search column order" />
        <Setting name="Search window size" />
        <Setting name="Comparison hide identical">0</Setting>
        <Setting name="Search sort order" />
        <Setting name="Edit track local">1</Setting>
        <Setting name="Prevent idle sleep">1</Setting>
        <Setting name="Filteredit window size" />
        <Setting name="Enable invalid char filter">1</Setting>
        <Setting name="Invalid char replace">_</Setting>
        <Setting name="Already connected choice">1</Setting>
        <Setting name="Edit status dialog size" />
        <Setting name="Display current speed">0</Setting>
        <Setting name="Toolbar hidden">0</Setting>
        <Setting name="Strip VMS revisions">0</Setting>
        <Setting name="Config Location">C:\Documents and Settings\Administrator\Desktop\FileZillaPortable\Data\settings</Setting>
        <Setting name="Kiosk mode">0</Setting>
        <Setting name="Disable update check">0</Setting>
        <LastServer>
            <Host>home.gleske.net</Host>
            <Port>23</Port>
            <Protocol>1</Protocol>
            <Type>0</Type>
            <User>jacob</User>
            <Logontype>2</Logontype>
            <TimezoneOffset>0</TimezoneOffset>
            <PasvMode>MODE_DEFAULT</PasvMode>
            <MaximumMultipleConnections>0</MaximumMultipleConnections>
            <EncodingType>Auto</EncodingType>
            <BypassProxy>0</BypassProxy>
            <Name>crysis_download</Name>
        </LastServer>
    </Settings>
</FileZilla3>
