<?xml version="1.0" encoding="UTF-8" standalone="yes" ?>
<FileZilla3>
    <Layout Builddate="2011-05-22" Buildtime="19:17:37">
        <Resources>
            <xrc file="dialogs.xrc" date="1306179070" />
            <xrc file="menus.xrc" date="1306179070" />
            <xrc file="netconfwizard.xrc" date="1306179070" />
            <xrc file="quickconnectbar.xrc" date="1306179070" />
            <xrc file="settings.xrc" date="1306179070" />
            <xrc file="toolbar.xrc" date="1306179070" />
        </Resources>
        <Language id="en_US" date="">
            <Font font="0;-11;0;0;0;400;0;0;0;0;0;0;0;0;MS Shell Dlg 2" width="622" height="13" />
            <Dialog name="Site Manager" width="521" />
        </Language>
    </Layout>
</FileZilla3>
