<?xml version="1.0" encoding="UTF-8" standalone="yes" ?>
<FileZilla3>
    <Servers>
        <Server>
            <Host>home.gleske.net</Host>
            <Port>23</Port>
            <Protocol>1</Protocol>
            <Type>0</Type>
            <User>jacob</User>
            <Logontype>2</Logontype>
            <TimezoneOffset>0</TimezoneOffset>
            <PasvMode>MODE_DEFAULT</PasvMode>
            <MaximumMultipleConnections>0</MaximumMultipleConnections>
            <EncodingType>Auto</EncodingType>
            <BypassProxy>0</BypassProxy>
            <Name>crysis_download</Name>
            <Comments></Comments>
            <LocalDir></LocalDir>
            <RemoteDir></RemoteDir>
            <SyncBrowsing>0</SyncBrowsing>crysis_download
        </Server>
    </Servers>
</FileZilla3>
